lemma,norm
the,1.0722071
be,1.9151863
and,KeyError
of,KeyError
to,KeyError
a,KeyError
in,1.3277475
have,1.7940322
it,1.5298746
you,2.326465
he,1.7608283
for,1.3839004
they,1.7384781
not,1.7551429
that,1.2739753
we,2.175346
on,1.6026031
with,1.5593309
this,1.5892407
i,2.6311884
do,1.943668
as,1.5150839
at,1.6570668
she,2.1824157
but,1.371284
from,1.6675197
by,1.6679113
will,2.037382
or,1.6684263
say,2.1881914
go,2.0877254
so,1.5408734
all,1.515523
if,1.7844617
one,1.4393423
would,1.9038054
about,1.9603208
can,2.0474153
which,1.3584158
there,1.9482332
know,2.0677872
more,1.9582666
get,2.127669
who,1.5643777
like,1.8200657
when,1.5711377
think,2.160336
make,2.118893
time,1.6811486
see,2.0082989
what,1.9350075
up,2.0683002
some,1.7110276
other,1.6679583
out,1.9708976
good,2.2433436
people,2.108709
year,1.9503284
take,2.221655
no,2.279186
well,1.903243
because,1.7262027
very,2.2357965
just,1.5043488
come,1.9965974
could,1.9279853
work,1.916408
use,2.0868342
than,2.0632415
now,1.5339661
then,1.6081522
also,1.5760347
into,2.2357838
only,1.4535306
look,2.2329228
want,2.2811856
give,2.3090763
first,1.7881558
new,1.7550012
way,1.7573534
find,2.2396257
over,1.8053926
any,1.8840734
after,1.8438865
day,1.8923913
where,1.6424688
thing,2.437169
most,2.045783
should,1.9869114
need,2.1904294
much,2.0100658
right,1.9395462
how,2.2827904
back,1.9586282
mean,2.2259362
even,1.5203481
may,1.9492601
here,1.7962931
many,1.9250768
such,1.7034107
last,1.7708269
child,2.675776
tell,2.313523
really,2.1869106
call,2.456358
before,1.8961266
company,2.0618365
through,2.0399034
down,2.2929058
show,2.1282377
life,2.3064506
man,2.3106172
change,2.4417822
place,2.1245446
long,1.9855508
between,2.3565893
feel,2.497123
too,2.114455
still,1.7926481
problem,2.6445007
write,2.67034
same,1.986934
lot,2.5479186
great,2.3453953
try,2.1817508
leave,2.3572767
number,2.273353
both,1.6601632
own,1.8692533
part,1.7691698
point,2.129043
little,2.0526347
help,2.0042136
ask,2.303965
meet,2.5557137
start,2.123773
talk,2.3267763
something,2.0599933
put,2.1605997
another,1.6327882
become,2.3969212
interest,2.5428932
country,1.9889106
old,2.2150483
each,1.9831126
school,2.4646592
late,1.8934697
high,2.2449024
different,2.5259616
off,2.0843954
next,2.057513
end,2.0136461
live,2.4016135
why,2.2589474
while,1.5562451
world,2.2808154
week,2.0850523
play,2.3686943
might,1.8996372
must,2.350375
home,2.0269551
never,2.16962
include,2.7116723
course,2.077606
house,2.316849
report,2.4261436
group,1.9234413
case,2.1084442
woman,2.655624
around,2.01885
book,2.5140657
family,2.2817502
seem,2.306762
let,2.1843991
again,1.8597152
kind,1.9568294
keep,2.5699959
hear,2.6692789
system,2.3637867
every,2.3066332
question,2.631372
during,2.035436
always,2.0957406
big,2.2165327
set,2.0774035
small,2.1355996
study,2.6772134
follow,2.544765
begin,2.5369756
important,2.407611
since,2.0845988
run,2.018207
under,2.27946
turn,2.0953226
few,2.2252471
bring,2.2505689
early,1.9373302
hand,2.1561017
state,2.049974
move,2.1051066
money,2.4559731
fact,1.9852605
however,1.7080212
area,2.0621624
provide,2.3334222
name,2.5055482
read,2.4112043
friend,2.6043591
month,2.1532793
large,2.1730838
business,2.047382
without,2.212619
information,2.8166237
open,2.3735032
order,2.0709515
government,2.2094004
word,2.6990774
issue,2.4876418
market,2.5011826
pay,2.4459743
build,2.4659088
hold,2.2667518
service,2.2649953
against,2.3162374
believe,2.2250445
second,1.9761202
though,1.6554171
yes,2.1617322
love,2.6666324
increase,2.5890298
job,2.559656
plan,2.3404775
result,2.0694273
away,2.3359706
example,2.203619
happen,2.6247668
offer,2.4100678
young,2.1354854
close,2.1898444
program,2.227643
lead,2.517269
buy,2.5945466
understand,2.4668148
thank,3.7120385
far,2.2446384
today,1.6243944
hour,2.630609
student,2.7582371
face,2.3950791
hope,2.4560642
idea,2.3450818
cost,2.434258
less,2.163878
room,2.5026314
until,2.194804
reason,2.4561124
form,2.129578
spend,2.7851868
head,2.1953733
car,2.6472194
learn,2.6859832
level,2.2796297
person,2.2792275
experience,2.4734995
once,1.7416204
member,2.4983654
enough,2.198428
bad,2.5182755
city,2.3105447
night,2.1418064
able,2.3099823
support,2.2406251
whether,2.2629418
line,2.0197635
present,1.89147
side,2.1591086
quite,2.1019402
although,1.6018544
sure,2.2362993
term,2.5601575
least,2.0779855
age,2.6162252
low,2.4918697
speak,2.6431677
within,2.19305
process,2.4995008
public,2.174544
often,2.1721277
train,2.81005
possible,2.0477402
actually,1.6377689
rather,2.1879945
view,2.3905153
together,2.4619086
consider,2.3673418
price,2.8586335
parent,2.7509408
hard,2.4106958
party,2.507219
local,1.9350708
control,2.6160514
already,1.8442856
concern,2.8213172
product,2.3455532
lose,2.756877
story,2.643958
almost,1.8798652
continue,2.210676
stand,2.1267855
whole,2.1312797
yet,1.9472489
rate,2.8640583
care,2.5821164
expect,2.403856
effect,2.7466
sort,1.9148381
ever,2.164828
anything,2.3628254
cause,2.6446471
fall,2.2458904
deal,2.5308971
water,2.5919292
send,2.6934512
allow,2.1857815
soon,2.2701697
watch,2.535888
base,2.6252003
probably,1.7777368
suggest,2.424779
past,2.0356407
power,2.469555
test,2.664473
visit,2.9760823
center,2.3710825
grow,2.844967
nothing,2.3034313
return,2.3885026
mother,2.5667837
walk,2.682413
matter,2.2593274
mind,2.4489653
value,2.5195618
office,2.3368313
record,2.5329912
stay,2.5972662
force,2.2674854
stop,2.3499985
several,2.1444335
light,2.3640277
develop,2.3735566
remember,2.3083436
bit,2.4083881
share,2.4694946
real,2.0178156
answer,2.56211
sit,2.654446
figure,2.392918
letter,2.964616
decide,2.5954568
language,2.78225
subject,2.381777
class,2.3311524
development,2.3082678
town,2.3858097
half,2.0557766
minute,2.5718873
food,2.6704996
break,2.3778028
clear,2.2518141
future,2.3144197
either,1.6684886
ago,2.4663053
per,2.7014802
remain,2.649171
top,2.1713874
among,2.2224321
win,2.7169333
color,2.86021
involve,2.7462547
reach,2.5593104
social,2.519921
period,2.5445135
across,2.2789571
note,2.6889565
history,2.3852186
create,2.3615053
drive,2.367953
along,1.9040384
type,2.0545084
sound,2.5763183
eye,2.9366016
music,2.61988
game,2.5517557
political,2.6312237
free,2.4175155
receive,2.657577
moment,2.3810368
sale,2.6670098
policy,2.5452526
further,2.1136053
body,2.6300282
require,2.6576064
wait,2.5965028
general,2.2145388
appear,2.449407
toward,2.7403429
team,2.1294394
easy,2.535269
individual,2.1908176
full,2.1646018
black,2.4613173
sense,2.445565
perhaps,1.7262638
add,2.4401097
rule,2.607921
pass,2.5317607
produce,2.294883
sell,2.6342332
short,2.2951255
agree,2.5938888
law,2.664074
everything,2.2912955
research,2.626462
cover,2.4063034
paper,2.3491642
position,2.3651147
near,2.2158115
human,2.5199702
computer,2.6320024
situation,2.7835422
staff,2.3463378
activity,2.788717
film,2.6443021
morning,2.3464994
war,2.7956393
account,2.6314156
shop,2.8170009
major,2.1675508
someone,2.2525425
above,2.4286056
design,2.51632
event,2.2604904
special,2.1944265
sometimes,2.1277869
condition,2.8997293
carry,2.521732
choose,2.6102788
father,2.4984472
decision,2.6192663
table,2.6800187
certain,1.9929549
forward,2.5941327
main,2.3795793
die,2.977652
bear,2.8708885
cut,2.4532197
describe,2.7647996
himself,2.7647057
available,2.674743
especially,1.7888923
strong,2.3871357
rise,2.6269166
girl,2.90408
maybe,1.9794748
community,2.3470736
else,2.3460155
particular,1.93524
role,2.9566853
join,2.6757214
difficult,2.633698
please,3.3067784
detail,2.695066
difference,2.850873
action,2.3902721
health,2.4687183
eat,2.8182473
step,2.6240935
true,2.2022772
phone,2.7427351
themselves,2.5232005
draw,2.523523
white,2.3527935
date,2.5594027
practice,2.6197052
model,2.350923
raise,2.6897843
customer,2.8934822
front,2.0689936
explain,2.5617497
door,2.832294
outside,2.0355833
behind,2.296102
economic,2.6195233
site,2.428323
approach,2.421706
teacher,3.10423
land,2.5682406
charge,2.201051
finally,2.094895
sign,2.5456395
claim,2.4017084
relationship,3.171761
travel,2.6556492
enjoy,2.6009002
death,2.8293214
nice,2.6850822
amount,2.4891994
improve,2.6869802
picture,2.6465843
boy,2.8028784
regard,2.1423519
organization,2.3085456
happy,2.466733
couple,2.2695093
act,2.310999
range,2.592369
quality,2.5567293
project,2.4406173
round,2.4095592
opportunity,2.6958082
road,2.603055
accord,2.888236
list,2.8484392
wish,2.4213936
therefore,1.8754985
wear,3.0971942
fund,2.6865325
rest,1.9503479
kid,2.8756921
industry,2.6732378
education,2.5700476
measure,2.6205997
kill,2.9371736
serve,2.6479185
likely,2.0876925
certainly,1.9131044
national,2.1564069
itself,2.3264062
teach,2.8012884
field,2.2746341
security,2.6036785
air,2.5033588
benefit,2.3167937
trade,2.8100476
risk,2.7647262
news,2.6354911
standard,2.441713
vote,2.9028249
percent,2.8491027
focus,2.6282218
stage,2.3272033
space,2.5591204
instead,1.944977
realize,2.2826602
usually,2.2218165
data,2.9027562
single,2.146159
address,2.6781175
performance,2.405359
chance,2.407652
accept,2.526811
society,2.7738283
technology,2.266814
mention,2.4068577
choice,2.3677707
save,2.750793
common,2.6497574
culture,2.6902807
total,2.276122
demand,2.6688583
material,2.4800477
limit,2.8691308
listen,2.8779447
due,2.207475
wrong,2.5686722
foot,2.672721
effort,2.3768563
attention,3.1183617
upon,2.49136
check,2.561536
complete,2.2110562
lie,2.700818
pick,2.6839106
reduce,2.8118677
personal,2.4004831
ground,2.332649
animal,3.000859
arrive,2.762908
patient,2.7796607
current,1.8316703
century,3.235457
evidence,2.8603125
exist,2.7909727
similar,2.3020744
fight,2.7114263
leader,2.553841
fine,2.6069028
street,2.520525
former,2.147387
contact,2.8539252
particularly,2.0139875
wife,2.6932597
sport,2.7563062
prepare,2.6766462
discuss,2.8996756
response,2.553996
voice,2.930666
piece,2.422023
finish,2.591911
suppose,2.2591722
apply,2.6169517
president,2.600414
fire,2.847689
compare,3.0220175
court,2.6509044
police,2.6515706
store,2.8110733
poor,2.5138927
knowledge,2.5541103
laugh,2.8571498
arm,2.787063
heart,2.7361887
source,2.688885
employee,2.6391296
manage,2.4232183
simply,1.7958844
bank,2.5649076
firm,2.4327757
cell,3.3890588
article,3.1473863
fast,2.513517
attack,2.8421714
foreign,2.5919144
surprise,2.5454166
feature,2.308951
factor,2.9313197
pretty,2.654746
recently,2.032668
affect,2.9768581
drop,2.4663513
recent,2.1588717
relate,2.803311
official,2.285713
financial,2.491522
miss,2.8233154
art,2.5933352
campaign,2.5237582
private,2.2380104
pause,2.8273718
everyone,2.3276064
forget,2.5864913
page,2.7750456
worry,2.6606665
summer,2.3169365
drink,3.0435443
opinion,2.7644699
park,2.5810354
represent,2.7103536
key,2.3282485
inside,2.0512817
manager,2.8028743
international,2.2496998
contain,2.8875306
notice,2.6852438
wonder,2.5662866
nature,2.370384
structure,2.5095747
section,2.493842
myself,3.0759544
exactly,2.1530697
plant,3.1186552
paint,3.0695474
worker,3.1539507
press,2.369225
whatever,2.2104313
necessary,2.2610793
region,2.2921264
growth,2.8854465
evening,2.191873
influence,2.9478393
respect,2.6524918
various,2.2727942
catch,2.5435383
thus,2.0480688
skill,2.976345
attempt,2.487581
son,2.6229296
simple,2.488335
medium,2.8482823
average,2.8104882
stock,2.9885402
management,2.3328946
character,2.6855798
bed,2.7363636
hit,2.4271207
establish,2.6496165
indeed,1.7442797
final,2.2279098
economy,2.9367218
fit,2.6718714
guy,2.7206323
function,2.5831518
yesterday,1.9629136
image,2.9167974
size,2.8036766
behavior,2.9735076
addition,2.2483962
determine,2.907149
station,2.8532646
population,3.182609
fail,2.5687263
environment,2.5816257
production,2.717495
contract,3.0595756
player,2.7341812
comment,3.765196
enter,2.7123947
occur,3.0099835
alone,2.1077502
significant,2.3263397
drug,2.977363
wall,2.7572727
series,2.2043705
direct,2.1235468
success,2.6797442
tomorrow,2.4348102
director,2.983274
clearly,2.040421
lack,2.7890477
review,2.5135562
depend,3.3121183
race,2.7592905
recognize,2.4166906
window,2.8392212
purpose,2.5962248
department,2.4270234
gain,2.6092188
tree,3.180322
college,2.4679701
argue,2.5579708
board,2.4497428
holiday,2.8777988
mark,2.488691
church,2.8397822
machine,2.634353
achieve,2.6776729
item,2.7743514
prove,2.526962
cent,3.4375794
season,2.5808203
floor,2.8446507
stuff,2.5365117
wide,2.485077
anyone,2.4235249
method,2.8850896
analysis,2.7152028
election,3.1089597
military,2.5862398
hotel,2.8129468
club,2.5405009
below,2.8207603
movie,2.665808
doctor,2.9345007
discussion,2.7852907
sorry,2.9100027
challenge,2.4789634
nation,2.306158
nearly,1.9321
statement,2.654492
link,2.843107
despite,2.2218962
introduce,2.6278543
advantage,2.8302186
ready,2.4530125
marry,3.412589
strike,3.0027373
mile,3.0133827
seek,2.575033
ability,2.655383
unit,2.3600614
card,3.0061831
hospital,2.9143384
quickly,2.3707008
interview,3.0198073
agreement,3.0061576
release,2.6206522
tax,3.1681519
solution,2.8135872
capital,2.648157
popular,2.3530931
specific,2.438977
beautiful,2.637613
fear,2.6097183
aim,2.5491683
television,2.571672
serious,2.3298228
target,2.7432532
degree,3.1044788
pull,2.6406105
red,2.4955459
husband,2.631174
access,2.696688
movement,2.5487878
treat,2.645334
identify,2.79338
loss,2.8209555
shall,3.1031368
modern,2.3627987
pressure,2.9851737
bus,2.984936
treatment,2.691526
yourself,3.3096132
supply,2.620346
village,2.8267016
worth,2.4651735
natural,2.4292028
express,3.0750892
indicate,2.6790364
attend,2.9562275
brother,2.756078
investment,2.6469762
score,2.7734222
organize,2.8420792
trip,2.944231
beyond,2.5104725
sleep,3.1663609
fish,3.009563
promise,2.6414113
potential,2.2900403
energy,2.6203306
trouble,2.6149673
relation,2.3454614
touch,2.4172
file,2.9816484
middle,2.2288866
bar,2.6847565
suffer,2.8845346
strategy,2.5663927
deep,2.533178
except,2.1080396
clean,2.6477814
tend,3.0346622
advance,2.352582
fill,2.9435244
star,2.5929513
network,2.370773
generally,2.168837
operation,2.4593103
match,2.6166372
avoid,2.720077
seat,3.110224
throw,2.9959283
task,2.8128996
normal,2.5410929
goal,2.8117707
associate,2.6268144
blue,2.535163
positive,2.7004178
option,2.6396723
box,2.8374133
huge,2.3888705
message,2.925998
instance,2.0079212
style,2.3757882
refer,2.6649652
cold,2.7303178
push,2.3285186
quarter,2.835677
assume,2.580143
baby,2.9179277
successful,2.3615832
sing,3.1313603
doubt,2.5949526
competition,2.5718002
theory,2.7976325
propose,2.5522218
reference,2.3666809
argument,2.9357235
adult,2.543029
fly,2.9023936
document,2.5548975
pattern,2.9178417
application,2.4552567
hot,2.710568
obviously,2.06783
unclear,3.5431194
bill,2.995849
search,2.9168487
separate,2.264882
central,2.287813
career,3.0417032
anyway,1.8989701
speech,3.1442177
dog,2.9811234
officer,2.947097
throughout,2.3495548
oil,2.9018075
dress,3.1270218
profit,3.31037
guess,2.3504567
fun,2.8576899
protect,2.8486505
resource,2.8753822
science,2.8166432
disease,3.13774
balance,2.8049397
damage,3.1553605
basis,2.680479
author,3.0343857
basic,2.434924
encourage,2.734416
hair,3.3063352
male,2.6567066
operate,2.7764409
reflect,2.6945276
exercise,2.822791
useful,2.686444
restaurant,3.0197918
income,3.0207827
property,2.518367
previous,2.2388248
dark,2.525302
imagine,2.590808
okay,2.4289079
earn,2.8923466
daughter,2.7935815
post,2.2776437
newspaper,2.6118186
define,2.731018
conclusion,2.7599828
clock,3.1348763
everybody,2.691168
weekend,2.348405
perform,2.7370636
professional,2.2862458
mine,3.210715
debate,3.0200484
memory,3.0398762
green,2.6787763
song,2.9864414
object,2.6526682
maintain,2.5221112
credit,2.8629458
ring,2.9503398
discover,2.6179583
dead,2.8362572
afternoon,2.3607507
prefer,2.7305791
extend,2.6743555
possibility,2.6856608
direction,2.6653376
facility,2.7539794
variety,2.3215144
daily,2.5488942
clothes,3.0337474
screen,2.8725123
track,2.3679209
dance,2.9910493
completely,2.5331547
female,2.5487278
responsibility,3.1202695
original,2.1664975
sister,2.6572504
rock,2.733982
dream,3.107426
nor,2.393425
university,2.5196493
easily,2.2669163
agency,2.4805481
dollar,2.955982
garden,3.0082307
fix,2.841397
ahead,2.4635038
cross,2.756353
yeah,2.711951
weight,3.1291533
legal,2.5723782
proposal,2.6797311
version,2.661749
conversation,3.025271
somebody,2.5952377
pound,3.0502613
magazine,3.1277122
shape,2.603156
sea,2.8246179
immediately,2.481732
welcome,2.7230606
smile,3.3378837
communication,2.6841135
agent,3.1862547
traditional,2.3525398
replace,2.6452987
judge,2.8202717
herself,3.112086
suddenly,2.262685
generation,2.7797103
estimate,3.3268278
favorite,2.827543
difficulty,2.9042397
purchase,2.5815647
shoot,2.96764
announce,3.0054846
unless,2.3211796
independent,2.613652
recommend,2.9026468
survey,3.3793437
majority,2.3472376
stick,2.5846827
request,2.643937
rich,2.6170654
wind,2.8493438
none,2.1653004
exchange,2.6067357
budget,3.0913012
famous,2.3973272
blood,3.3121326
appropriate,2.4427528
block,2.6054292
warm,2.7777345
count,2.5420792
scene,2.6273715
writer,3.2480297
content,2.758302
prevent,2.8733277
safe,2.7044241
invite,2.5944262
mix,2.3508828
element,2.5736065
effective,2.5883934
correct,2.4998894
medical,2.5468976
admit,2.4851303
beat,2.6803803
telephone,3.038235
copy,3.052487
committee,2.7296817
aware,2.4932346
advice,3.0495977
handle,2.5280163
glass,2.8922443
trial,2.9842916
stress,2.9444578
radio,2.8541424
administration,2.369999
complex,2.4121332
text,2.8828175
context,2.6056488
ride,2.775529
directly,2.290058
heavy,2.5787413
remove,2.9066958
conduct,2.5753968
equipment,2.6801972
otherwise,2.1951432
title,2.808964
extra,2.486955
executive,2.643504
chair,3.051836
expensive,2.717068
sample,3.053503
sex,3.285537
deliver,2.5375702
video,2.5093057
connection,2.675777
primary,2.47814
weather,3.1379466
collect,2.6342516
inform,2.6863952
principle,2.4953015
straight,2.4319534
appeal,2.8293576
highly,2.6083562
trust,2.6681242
wonderful,2.5997036
flat,2.587835
absolutely,2.570878
flow,2.9210236
fair,2.5286946
additional,2.2332873
responsible,2.7906978
farm,2.8953633
collection,2.548259
hang,2.766319
negative,2.7148418
band,2.688584
relative,2.4848151
tour,3.072048
alternative,2.4836266
software,2.5999353
pair,2.2631013
ship,2.984015
attitude,2.901103
cheap,2.7814615
double,2.5405838
leg,2.7730868
observe,2.6614497
sentence,3.8415678
print,2.7507539
progress,2.8089674
truth,2.6959789
nobody,2.549307
examine,2.7826223
lay,2.7032468
speed,2.7141087
politics,2.941717
reply,3.402906
display,2.5422642
transfer,2.616725
perfect,2.5271137
slightly,2.414774
overall,2.2706494
intend,2.6980484
user,3.3243272
respond,2.8800638
dinner,2.9622405
slow,2.6591873
regular,2.1692033
physical,2.559569
apart,2.7758706
suit,2.943491
federal,2.4726865
reveal,2.6885724
percentage,3.0176687
peace,3.2824647
status,2.7738006
crime,3.0900605
decline,2.9386988
decade,2.46761
launch,2.6134088
warn,2.9270747
consumer,2.9361422
favor,2.478438
dry,2.7800257
partner,2.479397
institution,2.7272289
spot,2.541426
horse,3.1340117
eventually,2.125929
heat,2.9713242
excite,3.0363522
reader,3.0305064
importance,2.9364433
distance,2.7808053
guide,2.6157792
grant,2.9119954
taxi,3.27193
feed,2.7362666
pain,2.9442606
sector,2.8007686
mistake,2.9712505
ensure,2.5474646
satisfy,2.7627876
chief,2.770889
cool,2.5345242
expert,2.9010499
wave,2.8654277
south,2.4060833
labor,2.8855288
surface,2.7153034
library,2.882708
excellent,2.5672226
edge,2.663854
camp,2.757131
audience,2.851778
lift,2.6572678
procedure,2.9772282
email,3.3234172
global,2.4558077
struggle,2.5757878
advertise,3.2939208
select,2.4639192
surround,2.659972
extent,2.4919019
river,3.1403449
annual,2.572113
fully,2.4481332
contrast,2.6516113
roll,2.5112119
reality,2.5488813
photograph,3.1120358
artist,3.0639372
conflict,2.9382055
entire,2.1393745
presence,2.6371977
crowd,2.9239297
corner,2.5397503
gas,2.8500364
shift,2.6497412
net,2.8836505
category,2.7538571
secretary,3.16965
defense,2.9369876
quick,2.4236379
cook,3.2081199
spread,2.846599
nuclear,3.7352617
scale,2.5565617
driver,2.7972064
ball,3.303768
cry,2.9189005
introduction,2.4147687
requirement,2.648974
north,2.4477355
confirm,2.9780633
senior,2.2759902
photo,3.1913962
refuse,2.624461
transport,2.6889317
emerge,2.8293262
map,3.0544856
concept,2.4882336
island,2.8211043
reform,3.0955439
neither,2.3448856
football,2.855416
survive,2.868913
flight,3.0105586
left,1.9547042
solve,2.9838943
neighbor,2.9742491
background,2.6916537
technique,3.019936
traffic,2.9249887
improvement,2.9309223
tool,2.9241734
consequence,2.3725793
circumstance,2.8417914
smoke,3.5772288
reaction,2.8260424
rain,3.600904
busy,2.6182044
lesson,3.0514393
brain,3.4192467
mass,2.66712
funny,2.8124216
contribute,2.61287
failure,2.7269733
schedule,2.9341328
speaker,2.934468
bottom,2.6319265
adopt,2.8019955
combine,2.5034387
mountain,2.9909236
waste,3.0652025
hide,3.055787
marriage,3.4848874
ticket,3.2765934
meal,3.0449932
colleague,2.6712406
bag,2.9855819
repeat,3.0568533
equal,2.6177683
expression,2.7954915
plus,1.8776103
extremely,2.5776746
owner,2.647688
plane,3.2181745
commercial,2.2262862
lady,2.9394915
duty,2.9570365
strength,2.5722632
connect,2.8234012
cultural,2.7508433
arrange,2.9466722
scheme,2.8644826
payment,2.846454
unfortunately,2.0369866
brief,2.434521
bird,3.1172485
demonstrate,2.4939244
contribution,2.8080597
appreciate,2.7346666
chapter,2.9796066
secret,2.888938
apparently,1.798328
novel,3.137253
union,3.0326161
burn,3.106841
trend,2.994165
initial,2.2989774
pleasure,2.914489
suggestion,2.5565314
critical,2.420879
gather,2.6880202
mostly,2.1825085
earth,2.8827674
pop,2.7156162
essential,2.5426252
desire,2.695117
promote,2.588846
currently,2.3561573
employ,2.8275304
path,2.9800918
topic,3.2578313
beach,3.03471
attract,2.992344
engage,2.6949282
powerful,2.4262528
flower,3.064935
crisis,2.8919923
settle,2.9133804
boat,3.1472313
aid,2.7712066
fan,3.1005118
kitchen,2.8698287
twice,2.0792131
fresh,2.3997195
delay,2.7401123
safety,2.810707
engineer,3.3443267
quiet,2.6981108
insurance,3.138622
nurse,3.0223937
divide,3.193294
length,2.8828318
investigation,3.4469821
package,2.5944602
somewhere,2.5312037
expand,2.8110375
commit,2.7443807
obvious,2.341871
jump,2.69191
weapon,3.2187252
relatively,2.5713885
host,2.359211
winter,2.6618655
district,2.7438145
broad,2.6588812
tire,3.423905
spring,2.4002323
spirit,2.869815
lunch,2.9126024
actual,2.289585
pool,2.7445655
battle,2.90776
tradition,3.094632
cash,2.6930723
hardly,2.3243382
award,2.813108
coach,3.2788856
experiment,2.813666
consideration,2.762011
strange,2.44935
code,3.0125844
possibly,1.7202604
threat,2.9489818
accident,3.1512992
impossible,2.8586626
revenue,3.201556
enable,2.6121356
afraid,2.6671896
active,2.575161
conclude,2.552743
religious,2.8298612
cancer,3.2862446
convince,2.757076
vary,3.7987018
environmental,2.8378248
sun,3.2240968
healthy,2.6714108
blow,3.1577556
volume,2.8967829
location,2.649029
invest,3.0938914
proceed,2.7760224
wash,2.883292
actor,3.0371156
glad,2.7115474
tape,3.209072
whereas,1.8380991
opposite,2.7350817
stone,2.89711
sum,2.8033872
murder,3.3668842
monitor,2.9795659
soldier,3.3992047
finance,2.6095397
hate,2.8183622
egg,3.2043784
concert,2.9408624
shock,2.8579834
comfortable,2.7042248
usual,2.389523
carefully,3.1367972
pack,2.5440485
recall,3.0815454
wine,3.263499
camera,2.9950676
swim,3.461106
manufacture,3.0844731
theater,2.7977233
cycle,2.681897
coffee,2.9894636
totally,2.7117817
museum,3.051657
visitor,2.8276038
freedom,2.9942617
construction,2.634656
dear,3.0551417
objective,2.734573
moreover,1.791902
onto,2.5816026
historical,2.8332908
oppose,3.0642593
branch,2.7896721
vehicle,2.7680383
scientist,3.6330407
route,2.8037415
bind,2.9857738
belong,2.7255218
taste,2.874677
tonight,2.4921257
fashion,2.6757421
danger,2.8163931
bomb,3.8210163
army,2.8346334
dangerous,2.6771128
decrease,2.95654
hurt,2.8089173
council,2.8216338
editor,3.613735
normally,2.1592157
sight,2.5481734
generate,2.756379
gift,2.8727012
delivery,2.7776084
deny,2.7076404
guest,2.8260932
anybody,2.6854002
bedroom,3.2057092
quote,2.6950722
climb,3.0673308
basically,2.1019852
violence,3.1761675
minister,3.410961
mainly,2.2292926
mouth,3.2320263
noise,3.2918644
manner,2.664594
gun,3.3649087
square,2.7357476
occasion,2.6231215
familiar,2.8834753
ignore,2.7151203
destroy,2.8721857
affair,3.074712
civil,3.1215987
locate,2.9297254
citizen,2.9273922
temperature,3.645041
gold,2.9405468
domestic,2.5379934
load,2.8523383
belief,2.67351
troop,4.0008316
technical,2.537286
remind,2.717595
arrangement,2.6966283
skin,3.1246848
prison,3.3227909
switch,2.7033212
acquire,2.996371
corporate,2.379509
fairly,2.5217576
wood,3.0760043
participate,2.822644
tough,2.769246
tear,2.9335802
representative,2.4671257
capacity,2.648364
border,3.1055515
shake,2.8668146
assessment,2.7730722
shoe,3.0335395
ought,2.2667964
ad,3.223964
fee,3.2423704
hall,2.829563
regulation,2.9844556
escape,2.9241085
studio,2.833505
proper,2.4023848
relax,2.9828932
tourist,3.3535104
component,2.4128203
afford,2.9210231
lawyer,3.1154335
suspect,2.6672134
cup,3.0623617
description,3.1223783
confidence,3.0364323
industrial,2.6718106
complain,2.7319705
perspective,2.7977889
error,3.6465068
arrest,3.083979
assess,2.9211645
register,3.1305776
asset,2.7820473
signal,2.9207578
finger,3.5427415
relevant,2.7499712
explore,2.7207303
leadership,2.5662303
commitment,2.7611063
wake,2.5872695
necessarily,2.5093145
bright,2.7343197
frame,2.475216
slowly,2.7076669
bond,3.4940858
hire,2.92164
hole,2.9963672
tie,2.7041252
internal,2.4310925
chain,2.9670842
literature,2.8256273
victim,2.7655528
threaten,3.1130583
division,2.420149
secure,2.495336
amaze,3.8868215
device,2.7342093
birth,3.214214
forest,3.2179537
label,3.1238346
root,2.941015
factory,3.25533
expense,2.688338
channel,2.7155116
investigate,3.0996094
recommendation,2.983711
rank,3.1821294
typical,2.3354774
west,2.4894423
friendly,2.7092578
resident,2.576137
provision,2.6596823
concentrate,2.9248111
plenty,2.693667
export,3.1499305
entirely,2.4488063
strongly,2.5250163
bridge,3.0160432
consist,3.2945364
graduate,2.7748473
brand,2.6374557
moral,3.0782318
insist,2.4719505
combination,2.1949503
abuse,3.091158
ice,3.0282967
principal,2.682687
master,2.5986483
definitely,2.3124185
session,2.9069192
grade,3.102842
nevertheless,1.7191786
predict,3.0888298
previously,2.1416087
protection,2.791324
largely,2.5832927
wed,3.7903602
rent,2.9677637
shot,2.6875982
appearance,2.8848777
reasonable,2.6964025
guarantee,2.59695
till,2.7195048
theme,3.0589411
judgment,3.1537278
odd,2.2856321
approve,2.9482422
loan,3.192381
definition,2.9865217
elect,2.6702452
atmosphere,3.2896347
farmer,3.3533413
comparison,2.8510406
characteristic,2.4455197
license,3.269243
rely,3.0375772
narrow,2.6493175
succeed,2.6245873
identity,3.0403519
desk,3.1063766
permit,2.935962
seriously,2.6594076
wild,2.665004
empty,2.936837
commission,2.6072013
unique,2.2435281
association,2.4893494
instrument,3.027136
investor,3.191728
practical,2.4958396
tea,3.3310723
lovely,2.603193
soft,2.55121
row,2.6076393
youth,2.5481782
lock,2.6693714
fuel,2.8610394
expectation,2.5788863
employment,2.880477
celebrate,2.9650385
sexual,3.6431508
shoulder,3.036665
breath,3.2873423
increasingly,2.7813926
import,2.897586
bottle,3.111013
ourselves,3.1090252
sheet,2.868436
engine,3.0768354
cast,2.8365142
notion,2.7563655
conservative,2.8577008
journey,3.1088648
opposition,2.584751
relief,2.956735
debt,3.3095915
honor,2.8186662
outcome,2.8053503
blame,3.449137
explanation,2.9132273
arise,2.868348
musical,2.816829
recover,2.9611795
dad,2.8059735
stretch,2.4996176
declare,2.8076658
retire,3.4379764
tiny,2.4313626
careful,2.7624485
suitable,3.068401
native,2.7221458
fruit,3.0326757
analyze,2.7946393
witness,2.8508978
mail,3.1266038
terrible,2.543395
researcher,3.4614413
ordinary,2.440684
selection,2.7136571
anywhere,2.4304469
mental,3.3237894
participant,2.6801126
vision,2.779918
personality,2.9805162
specifically,2.2006555
fat,3.1179326
entry,2.8919713
fellow,2.295044
chemical,2.9674895
capture,2.6857684
tip,2.9386723
discount,2.8871238
peak,2.8997805
chairman,3.0201433
proportion,2.9735925
ear,2.957999
disappear,2.8124096
shout,2.8439257
yard,3.5128133
constant,2.8918078
significantly,2.3264802
hill,2.860327
considerable,2.6433992
instruction,2.7572591
intelligence,3.178498
ideal,2.6925344
folk,2.7244914
surely,2.0271828
guard,3.0540311
cat,3.0376644
somewhat,2.4246764
kiss,3.2497034
presentation,2.7352707
joint,2.4255252
compete,2.9294667
poll,3.7745626
weak,2.735467
faith,2.829459
reduction,2.8110127
reserve,3.1298735
complaint,3.0801136
bore,2.726286
mission,2.7444434
somehow,2.209666
tone,3.0086148
neighborhood,2.8448737
passenger,3.1482356
justice,3.1652398
phase,2.6866055
thin,3.1559515
rush,2.7031348
formal,2.6330872
religion,3.0616572
employer,2.9581535
reject,2.9590676
latter,1.7372363
plate,3.0875134
ban,3.571479
steal,3.0857134
protest,3.0720074
index,3.9006712
sad,2.9004838
frequently,2.3940563
circle,2.91464
helpful,2.683018
command,2.9016747
attractive,2.806039
sick,2.6911414
impression,2.7487092
unable,2.7854867
joke,2.7264574
sky,3.1447346
column,3.1890178
electronic,2.8262029
impose,2.9371376
criminal,2.7939985
besides,1.972741
properly,2.7141047
ancient,3.0417967
coast,3.0340462
ill,3.1557937
kick,2.869176
closely,3.0548365
multiple,2.4022481
yield,3.3222647
via,2.2849562
legislation,3.0492435
county,2.707608
unlike,2.1151726
mobile,2.4888601
assistant,2.8886592
implement,2.5645807
chart,3.2172325
attach,2.8716218
hell,2.743176
everywhere,2.5960712
advise,2.7435322
household,2.824214
acknowledge,2.5976148
reward,3.237814
east,2.5735512
hat,3.0388126
academic,2.6469772
voter,3.3631964
meanwhile,2.1996486
furthermore,1.8604519
accuse,3.5251138
scientific,2.932284
wage,3.3280623
absence,2.4818814
construct,2.759243
remark,2.966112
medicine,3.1474628
professor,3.6899748
rare,2.6236725
intention,2.8953674
dozen,2.5619683
settlement,3.1233485
gap,3.2538276
widely,2.8703256
minimum,2.6047387
northern,2.5644913
estate,3.2660434
equally,2.4541736
expose,2.6632214
alive,2.9281852
shut,3.0999548
victory,3.0822444
resolve,2.86307
critic,3.6057196
variable,2.809723
enormous,2.681229
sweet,2.7010818
permanent,2.648813
emotion,3.3824756
pursue,2.897912
tall,2.9586864
urge,2.9023378
enemy,3.107132
appoint,3.3248055
milk,3.100871
talent,3.1219819
smell,3.5464249
prior,2.29329
priority,3.068484
online,2.4927304
phrase,2.8886948
pilot,2.8825178
stable,2.6376152
merely,2.030795
resolution,3.1375585
communicate,2.9924774
injury,3.2320535
vast,2.5740342
exhibition,3.1318634
producer,3.1189396
regional,2.3480964
immediate,2.4932835
incident,2.9060292
childhood,2.9572256
draft,3.3115003
slip,2.7800019
accompany,2.5664
politician,3.075069
angry,2.6666498
knock,2.7458293
seed,3.4211178
salary,3.8144372
illustrate,2.8823357
imply,2.8494654
breakfast,2.9006672
temporary,2.5891502
liberal,2.9426193
lake,3.026052
qualify,3.06396
competitive,2.7402666
truly,2.1446352
hi,3.0161612
yellow,2.802345
habit,3.18904
disk,3.553045
core,2.3974314
emotional,2.912459
aircraft,3.274969
self,2.8851228
metal,2.9256027
existence,2.5944145
bone,3.1044385
panel,2.7135723
prime,2.7067785
appointment,3.0800903
emphasize,2.5650856
maximum,2.661465
effectively,2.2139497
elsewhere,2.212369
bother,2.687943
initiative,2.4832397
sharp,2.5692966
diet,3.5494127
motion,3.1436336
gray,2.65696
plastic,2.7421405
complicate,3.3219626
discipline,2.8409517
disappoint,3.043545
boss,2.634004
assumption,2.7250173
freeze,3.2737107
extreme,2.4573498
passage,2.8715837
reputation,3.241892
forth,2.9800417
negotiation,2.9552667
mechanism,2.9754841
coat,3.1172073
democracy,3.6037862
pocket,2.915539
lucky,2.8032336
crash,3.3563828
observation,2.7133963
meat,3.1349905
concentration,2.7710674
implication,2.309224
deserve,3.1469207
unusual,2.4947605
defend,2.866125
classic,2.3807826
king,2.9022589
interaction,2.8215513
repair,2.9696684
collapse,3.1576815
borrow,3.1997771
fundamental,2.6183033
dish,3.1457746
abroad,2.7034357
soul,2.8974082
capable,2.831063
defeat,3.10903
presidential,3.0692973
perfectly,2.7103035
enhance,2.8326237
proud,3.0774062
emergency,2.9499693
educational,2.554724
distinguish,3.174394
substantial,2.3318381
nearby,2.3269234
manufacturer,3.2067173
slide,2.834112
valuable,2.6929376
personally,2.351222
breast,3.587271
cope,3.0850165
approximately,2.6985385
accommodation,3.229534
highlight,2.4818668
reporter,3.373505
climate,2.9616802
shirt,3.1244652
exception,2.4169037
corporation,2.518835
chip,3.1566963
winner,2.7410977
encounter,2.7152379
brown,2.6113982
breathe,3.307399
excuse,2.9293761
partly,2.2910907
tennis,3.2479966
urban,2.720887
confuse,3.019997
southern,2.538573
output,3.2465618
beauty,2.8543987
massive,2.227093
install,3.0722747
calculate,3.2596397
mouse,3.203047
mathematics,3.0596
upper,2.903991
creation,2.4220915
occupy,2.862892
outline,2.7017303
sufficient,2.6487067
update,3.0652514
luck,3.0962167
preserve,2.7441854
split,2.6760545
swing,2.910762
illness,3.1644223
journalist,3.1632123
sudden,2.686559
advertisement,3.026463
consistent,2.5302842
originally,2.421148
aside,2.9184225
comfort,2.846504
secondly,2.2953227
severe,2.5299556
gene,4.50583
prospect,2.7908204
snow,3.5710216
plot,3.223213
neck,2.9524314
criterion,3.2638853
primarily,2.5872529
integrate,3.0956151
criticism,3.283336
convention,3.1194663
bet,2.7290683
retain,2.7000546
sequence,2.7553241
plain,2.4793546
volunteer,2.734085
rural,2.7757616
calm,3.3769124
abandon,2.5507298
examination,2.9459405
silence,3.3495657
rapidly,2.446569
efficient,2.8171797
revolution,3.3421957
delight,2.887735
spell,2.817371
premise,2.7523534
lean,2.6415591
dramatic,2.4721708
differ,3.836899
grateful,3.2083344
protein,3.7827046
bike,3.1072226
distribute,3.0369773
intellectual,2.9209008
derive,3.0113404
crucial,2.4473376
unemployment,3.9167526
wheel,2.9786792
crop,3.1941519
minority,2.8282971
origin,2.799517
interpretation,2.7353005
gentleman,2.9392982
drama,2.987637
landscape,2.8794177
educate,3.1426084
toy,3.077819
fault,2.9404697
exhibit,2.9840598
minor,2.6379833
hunt,2.920553
storm,3.148074
thick,2.6072848
achievement,2.85722
negotiate,2.983792
dominate,2.905205
supplier,3.1262472
prize,3.2171562
typically,2.4998014
peer,2.67726
pension,3.5603886
wing,2.9711077
acquisition,3.0434988
laughter,3.3880548
deeply,2.86844
recognition,2.7074928
electricity,3.162614
assistance,2.8296824
roof,2.9445608
retirement,3.28558
respectively,2.5161781
variation,2.6057353
ultimately,2.0675862
proof,2.753939
soil,3.1824443
smart,2.5944397
layer,3.1776783
upset,2.6965344
tooth,3.233232
representation,2.8930113
preparation,2.5896235
dispute,3.201379
agenda,2.909243
emphasis,3.0857804
edition,3.029758
silver,2.8260992
entertainment,2.7432127
honest,2.8452241
undertake,3.1991544
retail,2.6633208
wire,2.9927466
unlikely,2.536406
gay,3.3573682
publication,2.9489386
slight,2.7436538
unknown,2.938717
framework,2.758739
zone,3.116218
restrict,2.9933567
trace,3.023701
inch,3.0249655
equivalent,2.4379518
solid,2.4658732
enterprise,2.5776596
elderly,2.8526366
owe,3.0815008
governor,3.1591618
uniform,2.8306618
port,3.0168517
pitch,2.7848864
arrival,2.8473165
contemporary,2.498728
gate,2.8150802
ease,2.6579938
beer,3.135164
specialist,2.600877
assure,2.5976255
profile,2.8164985
mood,3.0882826
episode,3.0980935
crack,2.9027128
numerous,2.370716
submit,3.3030555
symptom,3.2912629
virtually,2.4955842
era,2.8208823
coverage,3.0908206
tension,3.2073565
cable,2.9899669
sensitive,2.767707
nervous,3.1599956
input,2.9823115
isolate,3.3160682
prisoner,3.483262
eliminate,2.724546
tight,2.9062276
wet,2.7729747
secondary,2.5715709
welfare,2.969642
recruit,2.8989625
exclude,3.068668
string,2.6735857
cloud,3.3303516
persuade,2.8908572
inspire,2.8740504
grand,2.620074
hence,2.028938
crew,3.0056844
phenomenon,2.8274386
pupil,3.7328992
false,3.196659
assist,2.7312357
restore,3.033131
formula,3.0451012
alter,2.7421443
perceive,2.622021
routine,2.5832937
sink,2.782396
stare,3.2465107
anymore,2.547367
hero,3.0497315
supporter,3.1396852
convert,2.9492042
steady,2.7987795
meter,2.9957335
truck,2.9116113
nose,2.918242
beside,2.446853
sail,3.3465645
disaster,3.0220351
pace,2.9540403
heavily,2.8300743
devote,3.3552992
terrorist,3.5417743
justify,2.7054427
vital,2.5091891
fascinate,3.6542046
external,2.718331
spare,2.37576
whenever,2.3990498
depression,3.1973188
guilty,3.2792919
underlie,3.1999047
mom,2.9461718
distinction,2.9467695
satisfaction,3.0229487
incorporate,2.7030742
pour,3.0838711
sweep,3.4316466
obligation,3.6567402
sir,3.3598075
evaluate,2.870105
anger,3.2338207
pub,3.310145
perception,2.7562988
naturally,2.1137443
currency,3.5450926
database,3.1231863
initially,2.1486614
territory,2.9328628
stream,2.676195
rarely,2.6737213
height,3.069634
apparent,2.457411
western,2.4815452
expansion,2.7482321
constantly,2.6662097
muscle,3.2012987
scare,3.0926287
badly,2.6456354
everyday,2.545639
boundary,3.244622
ratio,3.6053193
essay,3.2726748
scream,2.978456
withdraw,3.1266148
pollution,3.3894029
disorder,3.2809882
furniture,2.9652648
symbol,3.6572964
apartment,3.2498636
demonstration,2.8857136
analyst,3.7979863
platform,2.463189
steel,3.1105416
cake,3.1643784
transform,2.7976427
wound,2.7651606
restriction,2.9832404
foundation,2.6297708
designer,3.071655
strain,3.1599517
innovation,2.9807496
album,3.7974215
singer,3.1803014
trail,2.9558399
trap,2.8921044
loose,2.668309
extension,2.7707028
wealth,2.9441872
gradually,2.6300287
tank,3.3149254
evil,3.1478057
remarkable,2.5359643
tune,2.7122588
grass,3.088936
invitation,3.0769083
transition,2.7751613
frighten,3.243975
bid,2.681508
breed,2.9509702
extraordinary,2.4947414
brilliant,2.4497638
adviser,3.3652668
stem,3.0448377
reverse,2.6605053
mode,3.0785
mirror,2.695583
awful,2.6097732
pose,3.1555948
adjust,2.9379165
creative,2.6893904
nowadays,2.2816005
poem,3.426375
agricultural,2.939261
competitor,2.7524233
alcohol,3.5473602
festival,3.1427658
vegetable,2.9452305
van,3.1740491
confident,2.7367833
planet,3.1442618
curve,3.259363
knee,3.5198786
overcome,2.8216755
web,2.6910505
depth,2.7951813
entrance,2.8314462
log,3.038932
giant,2.617403
god,3.0381699
portion,2.3418145
substance,2.8436227
extensive,2.6423619
interpret,2.8630388
independence,3.387942
sugar,3.2009327
inner,2.8598762
harm,2.921449
consult,3.186999
pink,2.6649802
shadow,2.7908802
strip,2.7504344
smooth,2.9332557
intervention,2.754559
impress,3.0025625
exam,3.706277
vice,2.9188054
radical,2.647756
similarly,2.2363625
behave,3.1986675
loud,2.979668
dimension,2.9230483
subsequent,2.1960707
infection,3.4790864
jacket,3.2576492
efficiency,2.783477
dirty,2.6781225
statistic,3.2720962
regularly,2.3238785
resort,2.882043
iron,3.098974
broadcast,2.8146055
membership,3.1161814
bread,2.9602542
blind,2.8261604
pure,2.5977051
bloody,2.721721
ally,3.3203914
quantity,2.7949777
bend,2.9772925
mature,2.743347
briefly,2.5160651
alarm,3.4315498
disturb,3.1179187
sustain,2.6261907
flood,3.2472372
poverty,3.674492
crazy,2.6177855
cite,3.0155797
newly,2.4476833
parallel,2.5092223
gender,3.284698
sponsor,3.2716613
boot,2.603293
accurate,3.006762
dealer,3.3508737
button,3.6121266
burden,3.4862933
desert,3.1572828
mate,3.0300486
occasionally,2.3112743
shareholder,3.8301136
bowl,3.6209385
discovery,3.043538
resistance,3.5648174
bath,3.1984463
frequency,2.9498093
criticize,2.9918141
tap,2.6528811
philosophy,2.8492267
lip,3.4935863
attribute,2.9842799
apologize,3.5388186
approval,3.2591975
grab,2.6442745
entitle,3.7232609
lend,2.9058845
involvement,2.6208436
exposure,2.8916152
conventional,2.640061
digital,2.743094
translate,3.114096
edit,3.9059348
formation,2.7047274
deposit,3.347232
pleasant,2.697223
overseas,2.6186514
advocate,2.9923103
establishment,2.320535
summary,2.8888643
rough,2.8547232
pen,2.9674277
recovery,2.9200957
seal,2.9131854
tube,2.9922302
tower,3.3006802
characterize,2.7144203
specify,3.4838364
exact,2.8237762
spin,2.8158026
operator,2.9528005
infant,3.0183089
dig,2.9012954
drag,2.8288205
mount,2.8855567
wrap,2.8124187
anticipate,2.955647
dependent,3.0883217
specialize,3.1183956
angle,3.0919247
chicken,2.8893285
anxiety,2.9379163
virus,3.594029
precisely,2.2057118
rival,2.6186755
offense,3.4740329
detect,3.3537974
teenager,2.721017
admire,3.050778
moderate,2.7316499
surgery,3.5912125
musician,3.0650384
significance,2.8554237
shower,2.8809993
illegal,2.9369578
charity,3.0015736
universal,2.7431254
cigarette,3.5957325
constitute,3.5340152
adequate,2.7572863
consultant,2.988119
historian,3.398484
cousin,2.5399597
visual,2.7281969
stupid,2.6654153
keen,2.8085923
ethnic,3.2560172
twin,2.550692
clinical,3.1846464
eastern,2.7177312
forecast,3.4823422
segment,2.8932793
custom,2.6141887
adapt,2.992787
sand,2.9028797
cap,3.0810592
prompt,2.5019934
charm,3.140077
react,2.840039
lecture,3.3740275
venture,2.6503549
compound,3.1105704
rescue,3.2591052
mess,2.849051
preference,2.754837
comprehensive,2.5597253
incentive,2.7646973
league,2.8682563
dialog,3.5676627
cream,3.0573237
rapid,2.6010404
cancel,3.2083473
regret,3.00086
dismiss,2.9695146
margin,3.266411
beneath,2.6353595
opponent,3.0886962
resist,2.6863909
capability,2.622938
absolute,2.6047943
correspond,3.366631
stroke,3.309584
dare,2.6110525
barrier,3.3419893
rid,3.0813909
divorce,3.7243
ruin,2.860344
bury,3.15585
counsel,3.3279681
tendency,2.8687377
frequent,2.7050362
motor,2.7698107
survival,3.2928586
counter,2.6062715
possess,2.8833797
permission,3.3931956
valley,2.808707
float,2.7814722
mad,2.5833125
greatly,2.7972949
visible,2.7592607
electric,3.0023773
impressive,2.6968274
evolution,2.859363
awareness,3.1539116
violent,2.7708032
slave,3.8868127
wealthy,2.967694
architecture,2.9315789
acceptable,2.6253493
journal,3.3455877
coal,3.6235118
measurement,3.1015167
random,3.0313385
successfully,2.6289775
depress,3.369661
illustration,2.8294475
burst,2.9504979
privilege,3.131162
buyer,3.058884
mutual,2.9824004
rail,3.360683
motivate,2.8047934
laboratory,2.8830056
mortgage,3.3291452
promotion,2.5130737
passion,3.0604384
champion,3.0165799
fulfill,2.8054223
dust,3.2256477
dedicate,3.0800166
roughly,2.2468483
skirt,3.1053858
province,3.1526883
march,3.1443744
evaluation,2.7925148
compromise,2.8138409
accomplish,2.7937164
weakness,3.1732848
announcement,2.7636173
salt,3.2705603
glance,3.213495
opera,3.3236034
contest,2.708092
brush,2.931116
embarrass,3.0475838
gallery,2.9751306
genetic,3.7872257
aggressive,2.7495534
chest,3.0032845
format,2.9806316
literary,3.2318907
govern,2.8405862
embrace,2.642798
praise,3.2430131
silent,2.8819146
pump,2.7934418
publisher,3.28874
celebration,2.8741038
golf,3.1273327
compensation,3.244752
classical,2.7174048
weigh,3.0638237
versus,2.5682542
deficit,3.6436198
modify,2.6791182
flash,2.6456044
friendship,3.4109893
profession,3.062436
literally,2.177599
equation,2.9150777
gesture,3.1711085
entertain,2.8127494
fantastic,2.753791
assign,2.9217925
inflation,4.134905
historic,2.5103757
injure,3.6413927
remote,2.817741
therapy,3.4106016
orange,2.8603978
twist,2.9419994
personnel,2.5017467
imagination,3.22953
disagree,3.2309651
throat,3.2426908
insight,3.381679
tackle,2.982013
forever,2.7118924
exceed,2.9905467
expenditure,3.037008
joy,3.0887527
pregnant,3.1508574
reliable,2.844815
gear,2.933662
poet,3.3737814
fortune,3.0353503
ceremony,3.2447174
pile,2.687571
pig,2.956365
mixture,2.7307117
automatically,2.9001403
scholar,3.4180214
psychological,3.0380647
dramatically,2.5692983
stake,3.3559341
creature,2.942238
partnership,2.887663
participation,2.6294374
clause,3.5247743
penalty,3.550645
chamber,2.8986022
fancy,2.645914
poetry,3.1081948
chat,2.9093535
clothing,2.9361715
evolve,2.81369
sake,2.9771714
shelf,3.149825
boost,2.816389
tail,2.795554
possession,3.149291
abortion,4.0818014
curious,2.4089494
wooden,2.9596145
boom,3.3124328
tale,3.078562
democratic,3.3706264
maintenance,2.7518778
consequently,1.918045
pot,3.3301904
cow,3.0670378
strengthen,2.8489952
whilst,2.299785
constraint,3.123076
fold,2.6081991
bin,3.186943
undergo,3.2665355
potentially,2.2947268
scope,2.696226
pretend,2.4413726
diversity,2.9674587
allege,3.2100801
pride,3.1506054
intense,2.661228
inquiry,3.392252
resign,3.647391
craft,2.649131
strict,2.7806363
concrete,2.8144112
shell,2.5894284
damn,2.7218819
distinct,2.6055574
humor,3.3529146
limitation,2.9360983
indication,2.730298
stability,3.028963
wise,2.4076598
neglect,3.042193
compose,3.0034704
jail,3.3928573
shelter,3.242262
mere,2.4007106
carbon,3.6820133
regulate,3.4324226
cheese,3.1255875
trigger,2.915156
pipe,3.0930207
destruction,2.9978292
guitar,3.3569288
flag,3.5109441
piano,3.162033
magic,2.906582
mystery,3.0451627
ski,3.522962
whisper,3.0332532
rear,3.0397637
menu,3.3850777
species,3.461981
moon,3.2365978
presumably,1.8115964
bless,3.0202644
airline,3.364758
amendment,3.1983037
grandmother,2.973703
jury,3.6427376
cooperation,3.197335
civilian,3.0168662
composition,2.742445
coin,3.2794971
regardless,2.6133795
scan,3.3581467
bunch,2.5553994
racial,3.5708375
greet,3.090079
hopefully,2.6966803
sanction,2.777302
trick,2.7618678
paragraph,3.4153912
maker,3.458546
chocolate,3.0988083
stimulate,3.144347
belt,3.1286738
potato,2.9870477
narrative,2.8899992
tissue,3.4888906
barely,2.4926348
invent,3.1166785
tourism,3.4448783
pro,2.6539693
stair,3.4896483
hesitate,2.5584135
shine,2.9615371
motivation,2.78306
romantic,2.9942777
firmly,2.7033877
interior,2.7688394
stomach,3.072583
nowhere,2.6994338
pray,3.2758875
championship,3.2536736
servant,3.3300476
immigrant,3.346362
excess,2.4186664
complexity,3.0128477
liability,3.3113778
surprisingly,2.2335727
extract,2.887706
implementation,2.7656467
bias,3.2118618
differently,3.1205025
catalog,2.9350133
continuous,2.5096421
golden,2.735477
stamp,3.0560536
guideline,2.9836345
envelope,3.424335
knife,3.612707
biological,3.1223211
consume,2.9698887
luxury,2.898579
weekly,2.7311993
wherever,2.8373208
bite,3.0960875
printer,3.295109
firstly,2.2444642
anxious,2.5114937
adventure,2.9964964
fence,3.4240973
exhaust,3.419381
attraction,2.7556825
ocean,3.0363135
quietly,2.3237784
castle,3.2697585
veteran,2.5975232
reflection,2.458313
nerve,3.0323818
determination,2.7100973
altogether,2.539046
fiction,3.1876733
carpet,3.1964412
cluster,2.4628384
confusion,3.0759497
hurry,2.4413354
logic,2.7912788
controversial,2.5032585
raw,2.5559986
grammar,3.4608405
revise,3.6438053
hint,2.7139063
hook,2.7352486
bell,3.3075387
liquid,2.929296
panic,3.1412299
uncle,2.7204764
rice,3.3938208
slope,3.325903
happiness,3.249258
genuine,2.3605742
vessel,3.5582337
verb,3.6144102
reckon,2.7094848
silly,2.4021695
transportation,2.7707746
harbor,2.9726038
comedy,3.2610993
chase,3.226538
storage,2.9712245
universe,3.2349067
horrible,2.6202433
sheep,2.9614592
lover,3.0339265
rat,2.939361
portrait,3.2706873
innocent,3.0446565
substitute,2.8956919
supplement,2.5976079
adjustment,3.0560713
reasonably,2.4721687
filter,3.0816882
flexible,2.8847828
abstract,2.9307194
tent,3.1451926
precise,2.700136
distant,2.6626463
stranger,2.7318406
shade,2.8734272
grain,3.1708748
situate,2.976251
summarize,3.001475
leap,2.9692478
snap,2.795854
probability,2.9978914
leather,3.1017852
uncertainty,3.1325235
swear,2.605005
refugee,3.4417446
shore,2.9512494
monthly,2.707777
comprise,3.0043159
stir,3.428094
excitement,3.0608273
sigh,3.3120477
pregnancy,3.644276
experimental,2.720157
institutional,2.845154
slice,2.7932816
wander,3.0849264
empire,3.358099
subsequently,2.1963189
gentle,2.944769
attendance,3.065104
ownership,2.9854658
qualification,3.12832
suspend,3.0891821
functional,2.565371
voluntary,2.7993963
pale,3.050649
stain,3.5114372
athlete,3.306019
organic,2.9566083
tongue,3.0949259
server,3.1741154
structural,2.8299835
fool,2.7451673
alongside,2.2570512
unite,3.040177
gently,2.8997314
compute,3.2883527
wipe,3.2766004
weird,2.6524372
gaze,3.3726132
fade,3.1758566
cough,3.1459098
hypothesis,3.4770267
royal,3.253061
theoretical,2.701596
curtain,3.453678
mayor,3.1797132
darkness,3.3656516
aunt,2.9614727
tournament,3.0392041
registration,3.365093
fragment,2.9297156
listener,3.2621598
tender,3.216632
density,3.3813567
ugly,2.7809994
module,3.0526686
faithfully,2.8593154
autumn,2.6040354
cheek,3.0010402
attachment,2.738645
holder,3.1537342
grin,3.819342
noun,3.2270427
fortunate,2.9656408
alright,2.560221
lazy,2.7429538
hello,3.3035498
hunger,3.3142107
insure,2.682314
ashamed,3.1905932
found,2.311957
thirst,3.1959078
