people,1
man,1
child,1
woman,1
friend,1
minister,1
person,1
mother,1
girl,1
father,1
patient,1
staff,1
student,1
boy,1
parent,1
teacher,1
manager,1
wife,1
worker,1
officer,1
director,1
son,1
leader,1
animal,1
secretary,1
doctor,1
player,1
horse,1
user,1
dog,1
husband,1
brother,1
daughter,1
baby,1
customer,1
king,1
client,1
president,1
pupil,1
fish,1
lady,1
chairman,1
speaker,1
bird,1
employee,1
owner,1
partner,1
sister,1
reader,1
artist,1
executive,1
candidate,1
writer,1
colleague,1
employer,1
adult,1
author,1
visitor,1
farmer,1
consumer,1
victim,1
master,1
judge,1
gentleman,1
kid,1
guest,1
human,1
expert,1
scientist,1
solicitor,1
cat,1
soldier,1
nurse,1
male,1
winner,1
defendant,1
enemy,1
deputy,1
servant,1
editor,1
lawyer,1
prisoner,1
citizen,1
female,1
passenger,1
queen,1
politician,1
resident,1
supporter,1
champion,1
chief,1
buyer,1
spokesman,1
conservative,1
pilot,1
engineer,1
plaintiff,1
critic,1
communist,1
shareholder,1
prince,1
captain,1
boss,1
creature,1
bishop,1
governor,1
guy,1
actor,1
producer,1
investor,1
researcher,1
peasant,1
lad,1
tourist,1
policeman,1
priest,1
adviser,1
consultant,1
landlord,1
host,1
fellow,1
poet,1
journalist,1
witness,1
sheep,1
operator,1
practitioner,1
opponent,1
historian,1
democrat,1
professional,1
merchant,1
lover,1
mouse,1
participant,1
magistrate,1
specialist,1
refugee,1
detective,1
designer,1
brick,1
assistant,1
observer,1
architect,1
cattle,1
infant,1
companion,1
feminist,1
cousin,1
twin,1
inspector,1
purchaser,1
dear,1
rival,1
chancellor,1
stranger,1
cow,1
youngster,1
duke,1
voter,1
accountant,1
volunteer,1
clerk,1
applicant,1
professor,1
mate,1
miner,1
pig,1
uncle,1
rat,1
rabbit,1
insect,1
correspondent,1
domain,1
widow,1
commander,1
singer,1
trustee,1
pensioner,1
capitalist,1
reporter,1
fool,1
businessman,1
carrier,1
developer,1
unionist,1
defender,1
socialist,1
darling,1
scholar,1
delegate,1
lion,1
constable,1
organism,1
teenager,1
musician,1
graduate,1
bear,1
commons,1
tutor,1
killer,1
duck,1
princess,1
carer,1
offender,1
painter,1
auditor,1
photographer,1
fighter,1
inhabitant,1
slave,1
sergeant,1
bloke,1
analyst,1
founder,1
keeper,1
surgeon,1
pope,1
republican,1
contractor,1
cook,1
aunt,1
terrorist,1
fox,1
respondent,1
economist,1
grandfather,1
administrator,1
senior,1
intellectual,1
composer,1
mayor,1
emperor,1
grandmother,1
nationalist,1
dolphin,1
elephant,1
runner,1
owl,1
thief,1
eagle,1
earl,1
referee,1
pet,1
lecturer,1
girlfriend,1
librarian,1
psychologist,1
banker,1
heir,1
dancer,1
sufferer,1
gardener,1
outsider,1
predator,1
steward,1
knight,1
learner,1
commentator,1
boyfriend,1
activist,1
commissioner,1
suspect,1
ambassador,1
foreigner,1
peer,1
trainee,1
follower,1
bee,1
whale,1
beast,1
guerrilla,1
chemist,1
mammal,1
headmaster,1
planner,1
wolf,1
patron,1
provider,1
murderer,1
liberal,1
civilian,1
monk,1
spectator,1
butterfly,1
maid,1
sailor,1
philosopher,1
survivor,1
landowner,1
bride,1
archbishop,1
mistress,1
broker,1
performer,1
listener,1
monkey,1
worm,1
academic,1
guardian,1
actress,1
calf,1
associate,1
investigator,1
contemporary,1
donor,1
newcomer,1
surveyor,1
recipient,1
warrior,1
supervisor,1
tiger,1
bitch,1
snake,1
fisherman,1
waiter,1
goat,1
ant,1
criminal,1
theorist,1
nun,1
jockey,1
retailer,1
frog,1
housewife,1
immigrant,1
spy,1
elder,1
villager,1
monarch,1
attacker,1
hostage,1
advocate,1
spider,1
colonel,1
insider,1
amateur,1
therapist,1
recruit,1
hen,1
hunter,1
beneficiary,1
veteran,1
vicar,1
novelist,1
lender,1
pioneer,1
pedestrian,1
motorist,1
superintendent,1
instructor,1
nephew,1
proprietor,1
dentist,1
enthusiast,1
treasurer,1
pigeon,1
goalkeeper,1
walker,1
virgin,1
craftsman,1
pal,1
demonstrator,1
diplomat,1
athlete,1
physician,1
spouse,1
skipper,1
reformer,1
